Changes made at Sat Aug  9 05:58:18 UTC 2025
Changes made at Thu Nov 20 14:17:20 UTC 2025
Changes made at Thu Nov 20 16:12:36 UTC 2025
Changes made at Fri Nov 21 08:14:52 UTC 2025
Changes made at Fri Nov 21 10:10:22 UTC 2025
Changes made at Fri Nov 21 14:10:19 UTC 2025
Changes made at Fri Nov 21 16:12:15 UTC 2025
Changes made at Sat Nov 22 08:12:19 UTC 2025
Changes made at Sat Nov 22 10:09:09 UTC 2025
Changes made at Sat Nov 22 14:08:02 UTC 2025
Changes made at Sat Nov 22 16:10:20 UTC 2025
Changes made at Sun Nov 23 08:12:29 UTC 2025
Changes made at Sun Nov 23 10:09:19 UTC 2025
